first_name,last_name,email,phone_no,role,location,interests,info
William,Martinez,william.martinez926@example.com,+1-365-833-1606,Admin,Miami,"Machine Learning, Cloud Computing, Web Development","Experienced technology professional with 4 years in software development and system architecture. 
Specializes in Flask, MongoDB, Azure, TensorFlow, PyTorch, Kubernetes with strong focus on best practices and scalable solutions. developed 3 new features that increased user engagement by cloud migration%
Currently working on digital transformation initiatives and innovation projects. 
 Holds certifications in Certified Scrum Master. Passionate about innovative solutions and constantly exploring new technologies in emerging technologies.
Advocates for clean code and maintains a strong focus on scalable architecture."
William,Johnson,william.johnson558@example.com,+1-989-219-6278,Regular,Boston,"Mobile Apps, Blockchain, Data Science","Experienced technology professional with 14 years in software development and system architecture. 
Specializes in TensorFlow, Node.js, JavaScript, MongoDB, Vue.js with strong focus on best practices and scalable solutions. led a team of 3 developers to deliver ML pipeline project ahead of schedule
Currently working on microservices initiatives and enterprise projects. 
 Passionate about continuous learning and constantly exploring new technologies in cybersecurity.
Advocates for agile methodologies and maintains a strong focus on scalable architecture."
Joseph,Davis,joseph.davis16@example.com,+1-277-657-6134,Admin,Seattle,"Blockchain, IoT, Cloud Computing","Experienced technology professional with 7 years in software development and system architecture. 
Specializes in React, TensorFlow, Angular, PostgreSQL with strong focus on best practices and scalable solutions. developed 31 new features that increased user engagement by 25%
Currently working on cloud-native initiatives and modernization projects. 
 Holds certifications in CompTIA Security+. Passionate about continuous learning and constantly exploring new technologies in cybersecurity.
Advocates for test-driven development and maintains a strong focus on performance optimization."
Richard,Taylor,richard.taylor362@example.com,+1-641-845-2076,Regular,Austin,DevOps,"Experienced technology professional with 14 years in software development and system architecture. 
Specializes in Azure, Docker, PostgreSQL with strong focus on best practices and scalable solutions. developed 3 new features that increased user engagement by ML pipeline%
Currently working on cloud-native initiatives and enterprise projects. 
 Holds certifications in Google Cloud Professional. Passionate about team collaboration and constantly exploring new technologies in emerging technologies.
Advocates for test-driven development and maintains a strong focus on scalable architecture."
William,Rodriguez,william.rodriguez437@example.com,+1-708-914-4378,Regular,Seattle,Blockchain,"Experienced technology professional with 6 years in software development and system architecture. 
Specializes in Angular, TensorFlow, Python with strong focus on best practices and scalable solutions. managed a budget of $5 million for ML pipeline initiative
Currently working on microservices initiatives and innovation projects. 
 Holds certifications in Google Cloud Professional. Passionate about technical excellence and constantly exploring new technologies in cybersecurity.
Advocates for clean code and maintains a strong focus on performance optimization."
Mary,Moore,mary.moore41@example.com,+1-619-629-2563,Regular,Remote,"UI/UX Design, IoT","Experienced technology professional with 12 years in software development and system architecture. 
Specializes in TensorFlow, Docker, Flask, MongoDB, PyTorch, Angular with strong focus on best practices and scalable solutions. led a team of 5 developers to deliver cloud migration project ahead of schedule
Currently working on microservices initiatives and innovation projects. 
 Holds certifications in Certified Scrum Master. Passionate about continuous learning and constantly exploring new technologies in artificial intelligence.
Advocates for clean code and maintains a strong focus on scalable architecture."
David,Williams,david.williams870@example.com,+1-627-415-1140,Regular,New York,"DevOps, Web Development","Experienced technology professional with 15 years in software development and system architecture. 
Specializes in JavaScript, AWS, Django, Node.js, PostgreSQL with strong focus on best practices and scalable solutions. developed 7 new features that increased user engagement by ML pipeline%
Currently working on cloud-native initiatives and innovation projects. 
 Passionate about team collaboration and constantly exploring new technologies in artificial intelligence.
Advocates for agile methodologies and maintains a strong focus on scalable architecture."
Liam,Moore,liam.moore845@example.com,+1-612-354-2652,Regular,Austin,"Cloud Computing, IoT","Experienced technology professional with 11 years in software development and system architecture. 
Specializes in JavaScript, PostgreSQL, TensorFlow, MongoDB, React, Kubernetes with strong focus on best practices and scalable solutions. improved system performance by 37% through optimization
Currently working on cloud-native initiatives and modernization projects. 
 Holds certifications in Microsoft Azure Expert and CompTIA Security+. Passionate about technical excellence and constantly exploring new technologies in cloud computing.
Advocates for clean code and maintains a strong focus on user experience."
Michael,Gonzalez,michael.gonzalez922@example.com,+1-421-340-7661,Regular,Denver,"DevOps, IoT, Cloud Computing","Experienced technology professional with 15 years in software development and system architecture. 
Specializes in AWS, Kubernetes, JavaScript, Docker, Django, Node.js with strong focus on best practices and scalable solutions. developed 6 new features that increased user engagement by mobile app%
Currently working on cloud-native initiatives and open-source projects. 
 Holds certifications in PMP Certification. Passionate about technical excellence and constantly exploring new technologies in cloud computing.
Advocates for DevOps culture and maintains a strong focus on scalable architecture."
Elizabeth,Davis,elizabeth.davis814@example.com,+1-401-753-4355,Regular,Austin,"UI/UX Design, Cybersecurity, Web Development","Experienced technology professional with 10 years in software development and system architecture. 
Specializes in AWS, PostgreSQL, Python, Angular, Django, JavaScript with strong focus on best practices and scalable solutions. contributed to 20 open-source projects in the 30 ecosystem
Currently working on cloud-native initiatives and enterprise projects. 
 Holds certifications in AWS Certified Solutions Architect. Passionate about technical excellence and constantly exploring new technologies in artificial intelligence.
Advocates for DevOps culture and maintains a strong focus on performance optimization."
Linda,Thomas,linda.thomas678@example.com,+1-952-294-5224,Admin,Austin,"IoT, Machine Learning","Experienced technology professional with 3 years in software development and system architecture. 
Specializes in MongoDB, PyTorch, JavaScript, Flask, Angular with strong focus on best practices and scalable solutions. implemented 43 that reduced costs by 17%
Currently working on AI/ML initiatives and innovation projects. 
 Passionate about technical excellence and constantly exploring new technologies in cloud computing.
Advocates for DevOps culture and maintains a strong focus on security best practices."
James,Miller,james.miller553@example.com,+1-423-700-4805,Regular,Denver,"Web Development, Cybersecurity, Mobile Apps","Experienced technology professional with 11 years in software development and system architecture. 
Specializes in PyTorch, Flask, Docker with strong focus on best practices and scalable solutions. mentored 5 junior developers in ML pipeline
Currently working on AI/ML initiatives and open-source projects. 
 Holds certifications in Certified Scrum Master and Cisco CCNA. Passionate about technical excellence and constantly exploring new technologies in cloud computing.
Advocates for DevOps culture and maintains a strong focus on user experience."
Susan,Brown,susan.brown566@example.com,+1-637-651-5396,Regular,Chicago,Cloud Computing,"Experienced technology professional with 12 years in software development and system architecture. 
Specializes in Docker, TensorFlow, Azure with strong focus on best practices and scalable solutions. contributed to 5 open-source projects in the mobile app ecosystem
Currently working on cloud-native initiatives and enterprise projects. 
 Passionate about team collaboration and constantly exploring new technologies in artificial intelligence.
Advocates for agile methodologies and maintains a strong focus on security best practices."
Thomas,Williams,thomas.williams330@example.com,+1-651-605-4040,Regular,Denver,Data Science,"Experienced technology professional with 14 years in software development and system architecture. 
Specializes in MongoDB, Node.js, Django, Kubernetes, JavaScript with strong focus on best practices and scalable solutions. mentored 26 junior developers in 18
Currently working on digital transformation initiatives and open-source projects. 
 Holds certifications in Certified Kubernetes Administrator and AWS Certified Solutions Architect. Passionate about technical excellence and constantly exploring new technologies in cybersecurity.
Advocates for agile methodologies and maintains a strong focus on performance optimization."
James,Davis,james.davis734@example.com,+1-758-454-7095,Regular,Miami,IoT,"Experienced technology professional with 6 years in software development and system architecture. 
Specializes in Docker, TensorFlow, Django, PyTorch with strong focus on best practices and scalable solutions. mentored 43 junior developers in 21
Currently working on microservices initiatives and enterprise projects. 
 Holds certifications in Microsoft Azure Expert. Passionate about technical excellence and constantly exploring new technologies in emerging technologies.
Advocates for test-driven development and maintains a strong focus on security best practices."
Elizabeth,Wilson,elizabeth.wilson958@example.com,+1-747-265-2825,Regular,Seattle,"IoT, Cybersecurity","Experienced technology professional with 8 years in software development and system architecture. 
Specializes in Vue.js, Node.js, React, Django, PyTorch with strong focus on best practices and scalable solutions. implemented 23 that reduced costs by 35%
Currently working on digital transformation initiatives and modernization projects. 
 Holds certifications in Google Cloud Professional. Passionate about innovative solutions and constantly exploring new technologies in cloud computing.
Advocates for DevOps culture and maintains a strong focus on user experience."
Elizabeth,Hernandez,elizabeth.hernandez371@example.com,+1-680-461-3386,Regular,Portland,"Web Development, Cybersecurity","Experienced technology professional with 8 years in software development and system architecture. 
Specializes in Flask, Docker, PostgreSQL, Angular, Python, JavaScript with strong focus on best practices and scalable solutions. managed a budget of $5 million for ML pipeline initiative
Currently working on AI/ML initiatives and open-source projects. 
 Passionate about technical excellence and constantly exploring new technologies in cybersecurity.
Advocates for DevOps culture and maintains a strong focus on scalable architecture."
Noah,Miller,noah.miller532@example.com,+1-489-197-9460,Regular,Austin,"Machine Learning, Cloud Computing, Web Development","Experienced technology professional with 9 years in software development and system architecture. 
Specializes in MongoDB, Docker, Azure, JavaScript with strong focus on best practices and scalable solutions. improved system performance by 20% through optimization
Currently working on digital transformation initiatives and enterprise projects. 
 Holds certifications in Google Cloud Professional and CompTIA Security+. Passionate about innovative solutions and constantly exploring new technologies in cloud computing.
Advocates for clean code and maintains a strong focus on performance optimization."
Jessica,Davis,jessica.davis400@example.com,+1-261-516-4529,Regular,Los Angeles,"Cloud Computing, DevOps, Web Development","Experienced technology professional with 11 years in software development and system architecture. 
Specializes in MongoDB, Django, Docker with strong focus on best practices and scalable solutions. developed 4 new features that increased user engagement by mobile app%
Currently working on AI/ML initiatives and modernization projects. 
 Passionate about technical excellence and constantly exploring new technologies in cybersecurity.
Advocates for DevOps culture and maintains a strong focus on scalable architecture."
Olivia,Miller,olivia.miller891@example.com,+1-835-981-1107,Regular,Chicago,Cloud Computing,"Experienced technology professional with 10 years in software development and system architecture. 
Specializes in AWS, Angular, TensorFlow with strong focus on best practices and scalable solutions. contributed to 20 open-source projects in the 20 ecosystem
Currently working on cloud-native initiatives and modernization projects. 
 Holds certifications in Certified Scrum Master and AWS Certified Solutions Architect. Passionate about continuous learning and constantly exploring new technologies in cloud computing.
Advocates for DevOps culture and maintains a strong focus on performance optimization."
Susan,Gonzalez,susan.gonzalez889@example.com,+1-408-844-4009,Regular,Miami,"IoT, DevOps","Experienced technology professional with 10 years in software development and system architecture. 
Specializes in PyTorch, Docker, PostgreSQL, React with strong focus on best practices and scalable solutions. managed a budget of $49 million for 40 initiative
Currently working on microservices initiatives and modernization projects. 
 Passionate about continuous learning and constantly exploring new technologies in cybersecurity.
Advocates for DevOps culture and maintains a strong focus on performance optimization."
Oliver,Smith,oliver.smith232@example.com,+1-872-627-3730,Regular,Austin,"Machine Learning, Mobile Apps, IoT","Experienced technology professional with 11 years in software development and system architecture. 
Specializes in PostgreSQL, Vue.js, PyTorch, Flask with strong focus on best practices and scalable solutions. developed 38 new features that increased user engagement by 18%
Currently working on digital transformation initiatives and innovation projects. 
 Holds certifications in Microsoft Azure Expert. Passionate about continuous learning and constantly exploring new technologies in artificial intelligence.
Advocates for test-driven development and maintains a strong focus on security best practices."
Oliver,Miller,oliver.miller441@example.com,+1-814-802-7741,Regular,Denver,Data Science,"Experienced technology professional with 12 years in software development and system architecture. 
Specializes in JavaScript, Vue.js, Python, Flask with strong focus on best practices and scalable solutions. managed a budget of $3 million for cloud migration initiative
Currently working on microservices initiatives and open-source projects. 
 Passionate about innovative solutions and constantly exploring new technologies in cybersecurity.
Advocates for test-driven development and maintains a strong focus on user experience."
Olivia,Davis,olivia.davis818@example.com,+1-336-519-7970,Regular,Remote,"Blockchain, Mobile Apps, Machine Learning","Experienced technology professional with 12 years in software development and system architecture. 
Specializes in Vue.js, Node.js, Kubernetes with strong focus on best practices and scalable solutions. improved system performance by 31% through optimization
Currently working on AI/ML initiatives and open-source projects. 
 Holds certifications in CompTIA Security+. Passionate about innovative solutions and constantly exploring new technologies in cybersecurity.
Advocates for DevOps culture and maintains a strong focus on user experience."
Patricia,Gonzalez,patricia.gonzalez561@example.com,+1-205-487-8600,Regular,Chicago,Cybersecurity,"Experienced technology professional with 11 years in software development and system architecture. 
Specializes in MongoDB, Docker, Azure, Django, React with strong focus on best practices and scalable solutions. implemented 41 that reduced costs by 27%
Currently working on digital transformation initiatives and open-source projects. 
 Holds certifications in Certified Kubernetes Administrator. Passionate about innovative solutions and constantly exploring new technologies in cybersecurity.
Advocates for agile methodologies and maintains a strong focus on security best practices."
Isabella,Taylor,isabella.taylor793@example.com,+1-622-829-2114,Regular,Chicago,Blockchain,"Experienced technology professional with 11 years in software development and system architecture. 
Specializes in TensorFlow, PostgreSQL, Django, Kubernetes with strong focus on best practices and scalable solutions. mentored 8 junior developers in platform redesign
Currently working on cloud-native initiatives and enterprise projects. 
 Holds certifications in Certified Scrum Master and CompTIA Security+. Passionate about innovative solutions and constantly exploring new technologies in cybersecurity.
Advocates for clean code and maintains a strong focus on scalable architecture."
Liam,Taylor,liam.taylor136@example.com,+1-822-946-2730,Admin,Denver,"Machine Learning, Web Development","Experienced technology professional with 3 years in software development and system architecture. 
Specializes in Angular, Node.js, Django, React, JavaScript, Flask with strong focus on best practices and scalable solutions. mentored 35 junior developers in 20
Currently working on digital transformation initiatives and enterprise projects. 
 Passionate about continuous learning and constantly exploring new technologies in cloud computing.
Advocates for clean code and maintains a strong focus on user experience."
Karen,Gonzalez,karen.gonzalez98@example.com,+1-217-173-8420,Regular,Seattle,"Data Science, DevOps, Web Development","Experienced technology professional with 5 years in software development and system architecture. 
Specializes in MongoDB, Azure, AWS with strong focus on best practices and scalable solutions. developed 26 new features that increased user engagement by 24%
Currently working on cloud-native initiatives and enterprise projects. 
 Holds certifications in Certified Kubernetes Administrator. Passionate about innovative solutions and constantly exploring new technologies in emerging technologies.
Advocates for test-driven development and maintains a strong focus on performance optimization."
Noah,Anderson,noah.anderson222@example.com,+1-858-281-8763,Regular,Denver,"Blockchain, Web Development, Mobile Apps","Experienced technology professional with 6 years in software development and system architecture. 
Specializes in PyTorch, MongoDB, Django, AWS, Vue.js, Python with strong focus on best practices and scalable solutions. mentored 6 junior developers in cloud migration
Currently working on digital transformation initiatives and open-source projects. 
 Holds certifications in Certified Scrum Master. Passionate about technical excellence and constantly exploring new technologies in artificial intelligence.
Advocates for clean code and maintains a strong focus on security best practices."
Richard,Wilson,richard.wilson406@example.com,+1-671-882-4669,Regular,Denver,Cloud Computing,"Experienced technology professional with 3 years in software development and system architecture. 
Specializes in Angular, Node.js, PostgreSQL, Docker, Django, Vue.js with strong focus on best practices and scalable solutions. implemented 36 that reduced costs by 25%
Currently working on digital transformation initiatives and open-source projects. 
 Holds certifications in Cisco CCNA. Passionate about technical excellence and constantly exploring new technologies in emerging technologies.
Advocates for DevOps culture and maintains a strong focus on user experience."
Elizabeth,Johnson,elizabeth.johnson491@example.com,+1-489-744-5232,Regular,Miami,"IoT, Machine Learning","Experienced technology professional with 12 years in software development and system architecture. 
Specializes in Python, TensorFlow, Node.js, PyTorch, Django, Docker with strong focus on best practices and scalable solutions. improved system performance by 7% through optimization
Currently working on digital transformation initiatives and open-source projects. 
 Holds certifications in CompTIA Security+. Passionate about innovative solutions and constantly exploring new technologies in cybersecurity.
Advocates for agile methodologies and maintains a strong focus on scalable architecture."
Karen,Davis,karen.davis895@example.com,+1-996-452-9613,Regular,Austin,"Mobile Apps, DevOps, Machine Learning","Experienced technology professional with 8 years in software development and system architecture. 
Specializes in Python, Node.js, Angular with strong focus on best practices and scalable solutions. managed a budget of $7 million for ML pipeline initiative
Currently working on AI/ML initiatives and innovation projects. 
 Holds certifications in Certified Scrum Master. Passionate about technical excellence and constantly exploring new technologies in cybersecurity.
Advocates for agile methodologies and maintains a strong focus on scalable architecture."
Richard,Gonzalez,richard.gonzalez738@example.com,+1-910-166-4475,Regular,Boston,"Blockchain, IoT, Cybersecurity","Experienced technology professional with 12 years in software development and system architecture. 
Specializes in Node.js, Python, Azure, Kubernetes, Django, React with strong focus on best practices and scalable solutions. improved system performance by 7% through optimization
Currently working on AI/ML initiatives and enterprise projects. 
 Holds certifications in Certified Kubernetes Administrator. Passionate about team collaboration and constantly exploring new technologies in artificial intelligence.
Advocates for DevOps culture and maintains a strong focus on performance optimization."
James,Jackson,james.jackson253@example.com,+1-898-341-4505,Admin,San Francisco,DevOps,"Experienced technology professional with 13 years in software development and system architecture. 
Specializes in PyTorch, Azure, JavaScript, Python, MongoDB, Kubernetes with strong focus on best practices and scalable solutions. improved system performance by 49% through optimization
Currently working on digital transformation initiatives and enterprise projects. 
 Passionate about innovative solutions and constantly exploring new technologies in artificial intelligence.
Advocates for DevOps culture and maintains a strong focus on scalable architecture."
Jennifer,Martinez,jennifer.martinez881@example.com,+1-584-726-8329,Regular,Seattle,"Data Science, UI/UX Design, Mobile Apps","Experienced technology professional with 6 years in software development and system architecture. 
Specializes in PyTorch, Docker, Django, Angular, PostgreSQL, Python with strong focus on best practices and scalable solutions. developed 31 new features that increased user engagement by 25%
Currently working on microservices initiatives and open-source projects. 
 Passionate about technical excellence and constantly exploring new technologies in cloud computing.
Advocates for test-driven development and maintains a strong focus on user experience."
Ava,Thomas,ava.thomas413@example.com,+1-946-969-2960,Regular,Los Angeles,"Machine Learning, Web Development","Experienced technology professional with 14 years in software development and system architecture. 
Specializes in Docker, Node.js, JavaScript, Kubernetes, TensorFlow, Angular with strong focus on best practices and scalable solutions. improved system performance by 45% through optimization
Currently working on cloud-native initiatives and enterprise projects. 
 Holds certifications in Certified Scrum Master and CompTIA Security+. Passionate about continuous learning and constantly exploring new technologies in artificial intelligence.
Advocates for test-driven development and maintains a strong focus on performance optimization."
Susan,Martinez,susan.martinez86@example.com,+1-668-721-4022,Regular,Portland,UI/UX Design,"Experienced technology professional with 3 years in software development and system architecture. 
Specializes in JavaScript, PyTorch, Angular with strong focus on best practices and scalable solutions. mentored 29 junior developers in 17
Currently working on digital transformation initiatives and enterprise projects. 
 Passionate about team collaboration and constantly exploring new technologies in emerging technologies.
Advocates for clean code and maintains a strong focus on performance optimization."
Robert,Brown,robert.brown32@example.com,+1-383-661-8711,Regular,Denver,"DevOps, Blockchain","Experienced technology professional with 12 years in software development and system architecture. 
Specializes in JavaScript, Flask, Docker with strong focus on best practices and scalable solutions. improved system performance by 6% through optimization
Currently working on digital transformation initiatives and enterprise projects. 
 Holds certifications in Microsoft Azure Expert and PMP Certification. Passionate about technical excellence and constantly exploring new technologies in artificial intelligence.
Advocates for DevOps culture and maintains a strong focus on security best practices."
William,Lopez,william.lopez951@example.com,+1-465-607-6877,Regular,Denver,"Mobile Apps, IoT","Experienced technology professional with 7 years in software development and system architecture. 
Specializes in Node.js, MongoDB, Angular, PyTorch with strong focus on best practices and scalable solutions. managed a budget of $29 million for 22 initiative
Currently working on microservices initiatives and enterprise projects. 
 Passionate about team collaboration and constantly exploring new technologies in cloud computing.
Advocates for DevOps culture and maintains a strong focus on performance optimization."
Isabella,Wilson,isabella.wilson95@example.com,+1-759-647-1107,Regular,Los Angeles,"Cybersecurity, Mobile Apps","Experienced technology professional with 4 years in software development and system architecture. 
Specializes in PyTorch, Angular, Docker, JavaScript with strong focus on best practices and scalable solutions. contributed to 25 open-source projects in the 37 ecosystem
Currently working on microservices initiatives and modernization projects. 
 Passionate about innovative solutions and constantly exploring new technologies in emerging technologies.
Advocates for DevOps culture and maintains a strong focus on scalable architecture."
Robert,Johnson,robert.johnson192@example.com,+1-839-997-9702,Regular,Chicago,Cybersecurity,"Experienced technology professional with 15 years in software development and system architecture. 
Specializes in MongoDB, Kubernetes, React, TensorFlow, Django, AWS with strong focus on best practices and scalable solutions. contributed to 30 open-source projects in the 26 ecosystem
Currently working on microservices initiatives and modernization projects. 
 Holds certifications in Certified Scrum Master. Passionate about continuous learning and constantly exploring new technologies in cybersecurity.
Advocates for test-driven development and maintains a strong focus on performance optimization."
Robert,Lopez,robert.lopez112@example.com,+1-800-262-2745,Admin,Portland,UI/UX Design,"Experienced technology professional with 13 years in software development and system architecture. 
Specializes in Vue.js, React, Flask, PyTorch, TensorFlow, MongoDB with strong focus on best practices and scalable solutions. contributed to 7 open-source projects in the mobile app ecosystem
Currently working on microservices initiatives and open-source projects. 
 Passionate about continuous learning and constantly exploring new technologies in cybersecurity.
Advocates for agile methodologies and maintains a strong focus on performance optimization."
Thomas,Lopez,thomas.lopez634@example.com,+1-761-945-3954,Regular,Remote,"UI/UX Design, Web Development","Experienced technology professional with 6 years in software development and system architecture. 
Specializes in Flask, Vue.js, TensorFlow, PostgreSQL, Django with strong focus on best practices and scalable solutions. developed 31 new features that increased user engagement by 22%
Currently working on digital transformation initiatives and modernization projects. 
 Holds certifications in AWS Certified Solutions Architect and Google Cloud Professional. Passionate about continuous learning and constantly exploring new technologies in emerging technologies.
Advocates for DevOps culture and maintains a strong focus on user experience."
Mary,Taylor,mary.taylor248@example.com,+1-789-984-3430,Regular,San Francisco,"Data Science, Machine Learning","Experienced technology professional with 12 years in software development and system architecture. 
Specializes in Docker, TensorFlow, Kubernetes, MongoDB with strong focus on best practices and scalable solutions. developed 45 new features that increased user engagement by 34%
Currently working on digital transformation initiatives and enterprise projects. 
 Holds certifications in PMP Certification and AWS Certified Solutions Architect. Passionate about team collaboration and constantly exploring new technologies in emerging technologies.
Advocates for clean code and maintains a strong focus on security best practices."
Charles,Jones,charles.jones114@example.com,+1-694-247-7784,Regular,Los Angeles,"DevOps, Data Science","Experienced technology professional with 3 years in software development and system architecture. 
Specializes in Docker, Flask, Django, React, Kubernetes, TensorFlow with strong focus on best practices and scalable solutions. implemented 7 that reduced costs by cloud migration%
Currently working on microservices initiatives and modernization projects. 
 Passionate about innovative solutions and constantly exploring new technologies in cybersecurity.
Advocates for DevOps culture and maintains a strong focus on security best practices."
Oliver,Davis,oliver.davis682@example.com,+1-897-836-6989,Regular,Miami,"Cybersecurity, Cloud Computing, UI/UX Design","Experienced technology professional with 7 years in software development and system architecture. 
Specializes in PostgreSQL, Docker, MongoDB, Vue.js, Django with strong focus on best practices and scalable solutions. mentored 4 junior developers in cloud migration
Currently working on digital transformation initiatives and innovation projects. 
 Passionate about technical excellence and constantly exploring new technologies in cloud computing.
Advocates for DevOps culture and maintains a strong focus on performance optimization."
Thomas,Hernandez,thomas.hernandez28@example.com,+1-863-468-6814,Regular,Boston,"Machine Learning, Web Development, Cybersecurity","Experienced technology professional with 5 years in software development and system architecture. 
Specializes in TensorFlow, MongoDB, Python, Kubernetes, JavaScript, Vue.js with strong focus on best practices and scalable solutions. improved system performance by 31% through optimization
Currently working on digital transformation initiatives and modernization projects. 
 Holds certifications in Certified Scrum Master and Certified Kubernetes Administrator. Passionate about technical excellence and constantly exploring new technologies in cybersecurity.
Advocates for test-driven development and maintains a strong focus on user experience."
Emma,Brown,emma.brown757@example.com,+1-259-768-3938,Regular,Denver,"Blockchain, Cloud Computing, Machine Learning","Experienced technology professional with 9 years in software development and system architecture. 
Specializes in JavaScript, TensorFlow, Flask, React, Python, Angular with strong focus on best practices and scalable solutions. led a team of 32 developers to deliver 24 project ahead of schedule
Currently working on digital transformation initiatives and open-source projects. 
 Holds certifications in AWS Certified Solutions Architect. Passionate about team collaboration and constantly exploring new technologies in cybersecurity.
Advocates for DevOps culture and maintains a strong focus on security best practices."
Isabella,Garcia,isabella.garcia620@example.com,+1-295-397-8872,Regular,Chicago,DevOps,"Experienced technology professional with 11 years in software development and system architecture. 
Specializes in Kubernetes, Azure, Node.js with strong focus on best practices and scalable solutions. managed a budget of $7 million for cloud migration initiative
Currently working on digital transformation initiatives and modernization projects. 
 Passionate about team collaboration and constantly exploring new technologies in cloud computing.
Advocates for clean code and maintains a strong focus on performance optimization."
Barbara,Wilson,barbara.wilson330@example.com,+1-723-962-8152,Regular,Denver,"Cybersecurity, Blockchain","Experienced technology professional with 6 years in software development and system architecture. 
Specializes in AWS, JavaScript, Angular, TensorFlow with strong focus on best practices and scalable solutions. developed 7 new features that increased user engagement by platform redesign%
Currently working on cloud-native initiatives and enterprise projects. 
 Holds certifications in CompTIA Security+ and Certified Kubernetes Administrator. Passionate about technical excellence and constantly exploring new technologies in emerging technologies.
Advocates for agile methodologies and maintains a strong focus on security best practices."
Karen,Brown,karen.brown918@example.com,+1-267-378-7260,Regular,Seattle,Cloud Computing,"Experienced technology professional with 15 years in software development and system architecture. 
Specializes in React, TensorFlow, MongoDB, Flask, PostgreSQL, Vue.js with strong focus on best practices and scalable solutions. managed a budget of $6 million for platform redesign initiative
Currently working on digital transformation initiatives and open-source projects. 
 Holds certifications in Microsoft Azure Expert. Passionate about continuous learning and constantly exploring new technologies in emerging technologies.
Advocates for test-driven development and maintains a strong focus on user experience."
Olivia,Davis,olivia.davis763@example.com,+1-910-451-6161,Regular,Boston,"Cloud Computing, Web Development, Blockchain","Experienced technology professional with 3 years in software development and system architecture. 
Specializes in Vue.js, Django, Angular with strong focus on best practices and scalable solutions. led a team of 34 developers to deliver 23 project ahead of schedule
Currently working on cloud-native initiatives and enterprise projects. 
 Holds certifications in CompTIA Security+. Passionate about continuous learning and constantly exploring new technologies in cybersecurity.
Advocates for agile methodologies and maintains a strong focus on user experience."
Isabella,Smith,isabella.smith416@example.com,+1-398-361-4320,Regular,Los Angeles,"IoT, Cybersecurity, Mobile Apps","Experienced technology professional with 4 years in software development and system architecture. 
Specializes in Azure, Vue.js, MongoDB, Node.js with strong focus on best practices and scalable solutions. mentored 49 junior developers in 28
Currently working on digital transformation initiatives and enterprise projects. 
 Holds certifications in Microsoft Azure Expert and Certified Kubernetes Administrator. Passionate about innovative solutions and constantly exploring new technologies in artificial intelligence.
Advocates for test-driven development and maintains a strong focus on performance optimization."
Jennifer,Anderson,jennifer.anderson180@example.com,+1-879-613-6081,Regular,Remote,"IoT, Mobile Apps, Web Development","Experienced technology professional with 4 years in software development and system architecture. 
Specializes in MongoDB, Docker, React, TensorFlow, PostgreSQL, Angular with strong focus on best practices and scalable solutions. mentored 5 junior developers in cloud migration
Currently working on AI/ML initiatives and enterprise projects. 
 Holds certifications in Google Cloud Professional. Passionate about continuous learning and constantly exploring new technologies in artificial intelligence.
Advocates for DevOps culture and maintains a strong focus on scalable architecture."
Susan,Davis,susan.davis558@example.com,+1-708-216-2951,Regular,Chicago,Data Science,"Experienced technology professional with 15 years in software development and system architecture. 
Specializes in Flask, TensorFlow, Angular with strong focus on best practices and scalable solutions. led a team of 8 developers to deliver ML pipeline project ahead of schedule
Currently working on AI/ML initiatives and enterprise projects. 
 Holds certifications in Certified Scrum Master and Certified Kubernetes Administrator. Passionate about technical excellence and constantly exploring new technologies in cybersecurity.
Advocates for DevOps culture and maintains a strong focus on scalable architecture."
James,Brown,james.brown940@example.com,+1-577-705-9421,Regular,New York,Web Development,"Experienced technology professional with 9 years in software development and system architecture. 
Specializes in Node.js, Python, Angular, Kubernetes with strong focus on best practices and scalable solutions. mentored 30 junior developers in 35
Currently working on digital transformation initiatives and modernization projects. 
 Holds certifications in CompTIA Security+ and Certified Scrum Master. Passionate about innovative solutions and constantly exploring new technologies in emerging technologies.
Advocates for clean code and maintains a strong focus on user experience."
Isabella,Jackson,isabella.jackson909@example.com,+1-747-347-3091,Regular,New York,Cybersecurity,"Experienced technology professional with 12 years in software development and system architecture. 
Specializes in Angular, PyTorch, React, Python, TensorFlow with strong focus on best practices and scalable solutions. led a team of 4 developers to deliver cloud migration project ahead of schedule
Currently working on cloud-native initiatives and innovation projects. 
 Passionate about continuous learning and constantly exploring new technologies in emerging technologies.
Advocates for clean code and maintains a strong focus on security best practices."
Liam,Jackson,liam.jackson407@example.com,+1-629-249-5682,Regular,Denver,"IoT, Web Development","Experienced technology professional with 13 years in software development and system architecture. 
Specializes in PostgreSQL, Flask, JavaScript with strong focus on best practices and scalable solutions. mentored 35 junior developers in 24
Currently working on cloud-native initiatives and enterprise projects. 
 Passionate about technical excellence and constantly exploring new technologies in artificial intelligence.
Advocates for test-driven development and maintains a strong focus on performance optimization."
Sophia,Brown,sophia.brown141@example.com,+1-572-415-1387,Regular,Miami,"Cybersecurity, Data Science, Web Development","Experienced technology professional with 13 years in software development and system architecture. 
Specializes in Vue.js, MongoDB, PyTorch, Django with strong focus on best practices and scalable solutions. mentored 3 junior developers in mobile app
Currently working on AI/ML initiatives and modernization projects. 
 Holds certifications in Certified Scrum Master. Passionate about innovative solutions and constantly exploring new technologies in emerging technologies.
Advocates for test-driven development and maintains a strong focus on performance optimization."
Joseph,Johnson,joseph.johnson907@example.com,+1-345-973-2436,Regular,Miami,"Cloud Computing, Cybersecurity, DevOps","Experienced technology professional with 10 years in software development and system architecture. 
Specializes in Vue.js, Kubernetes, Angular, Docker, MongoDB with strong focus on best practices and scalable solutions. improved system performance by 44% through optimization
Currently working on cloud-native initiatives and enterprise projects. 
 Holds certifications in Certified Kubernetes Administrator and Certified Scrum Master. Passionate about technical excellence and constantly exploring new technologies in emerging technologies.
Advocates for clean code and maintains a strong focus on security best practices."
Oliver,Gonzalez,oliver.gonzalez345@example.com,+1-740-804-2588,Regular,Boston,Cloud Computing,"Experienced technology professional with 9 years in software development and system architecture. 
Specializes in Kubernetes, React, Docker, Angular with strong focus on best practices and scalable solutions. managed a budget of $35 million for 24 initiative
Currently working on cloud-native initiatives and modernization projects. 
 Holds certifications in Certified Kubernetes Administrator. Passionate about continuous learning and constantly exploring new technologies in cybersecurity.
Advocates for agile methodologies and maintains a strong focus on security best practices."
William,Wilson,william.wilson110@example.com,+1-379-193-5609,Admin,Seattle,Blockchain,"Experienced technology professional with 12 years in software development and system architecture. 
Specializes in TensorFlow, Docker, React, Vue.js with strong focus on best practices and scalable solutions. developed 43 new features that increased user engagement by 19%
Currently working on AI/ML initiatives and modernization projects. 
 Holds certifications in CompTIA Security+ and Certified Kubernetes Administrator. Passionate about team collaboration and constantly exploring new technologies in cloud computing.
Advocates for clean code and maintains a strong focus on security best practices."
Ava,Jackson,ava.jackson711@example.com,+1-441-846-5144,Regular,San Francisco,"Cybersecurity, Machine Learning, IoT","Experienced technology professional with 9 years in software development and system architecture. 
Specializes in Docker, Python, Django, MongoDB, Vue.js with strong focus on best practices and scalable solutions. managed a budget of $7 million for mobile app initiative
Currently working on digital transformation initiatives and modernization projects. 
 Holds certifications in AWS Certified Solutions Architect and PMP Certification. Passionate about team collaboration and constantly exploring new technologies in artificial intelligence.
Advocates for test-driven development and maintains a strong focus on scalable architecture."
James,Smith,james.smith863@example.com,+1-522-417-5392,Regular,Los Angeles,"Data Science, Blockchain","Experienced technology professional with 15 years in software development and system architecture. 
Specializes in Angular, Docker, JavaScript with strong focus on best practices and scalable solutions. contributed to 26 open-source projects in the 30 ecosystem
Currently working on microservices initiatives and modernization projects. 
 Passionate about team collaboration and constantly exploring new technologies in cybersecurity.
Advocates for test-driven development and maintains a strong focus on scalable architecture."
Isabella,Martin,isabella.martin951@example.com,+1-358-219-1068,Regular,Boston,Web Development,"Experienced technology professional with 3 years in software development and system architecture. 
Specializes in Django, Vue.js, JavaScript, Kubernetes, MongoDB with strong focus on best practices and scalable solutions. led a team of 4 developers to deliver platform redesign project ahead of schedule
Currently working on AI/ML initiatives and innovation projects. 
 Passionate about team collaboration and constantly exploring new technologies in emerging technologies.
Advocates for test-driven development and maintains a strong focus on scalable architecture."
David,Martin,david.martin783@example.com,+1-779-653-5686,Regular,Denver,Cybersecurity,"Experienced technology professional with 15 years in software development and system architecture. 
Specializes in JavaScript, React, Django, Flask with strong focus on best practices and scalable solutions. improved system performance by 41% through optimization
Currently working on cloud-native initiatives and innovation projects. 
 Holds certifications in AWS Certified Solutions Architect. Passionate about team collaboration and constantly exploring new technologies in cybersecurity.
Advocates for test-driven development and maintains a strong focus on security best practices."
Karen,Williams,karen.williams487@example.com,+1-469-216-8276,Regular,Remote,"Mobile Apps, UI/UX Design","Experienced technology professional with 10 years in software development and system architecture. 
Specializes in Kubernetes, Angular, Python, PyTorch, Django with strong focus on best practices and scalable solutions. developed 8 new features that increased user engagement by ML pipeline%
Currently working on microservices initiatives and modernization projects. 
 Holds certifications in AWS Certified Solutions Architect. Passionate about team collaboration and constantly exploring new technologies in cloud computing.
Advocates for test-driven development and maintains a strong focus on user experience."
James,Anderson,james.anderson798@example.com,+1-752-946-5828,Regular,Los Angeles,"Machine Learning, IoT","Experienced technology professional with 15 years in software development and system architecture. 
Specializes in Azure, React, JavaScript, MongoDB, TensorFlow with strong focus on best practices and scalable solutions. contributed to 37 open-source projects in the 24 ecosystem
Currently working on AI/ML initiatives and modernization projects. 
 Holds certifications in AWS Certified Solutions Architect and Certified Scrum Master. Passionate about continuous learning and constantly exploring new technologies in artificial intelligence.
Advocates for test-driven development and maintains a strong focus on performance optimization."
David,Wilson,david.wilson582@example.com,+1-380-788-5684,Regular,Denver,"Web Development, Cybersecurity, Mobile Apps","Experienced technology professional with 10 years in software development and system architecture. 
Specializes in Flask, Vue.js, Kubernetes, Docker, PyTorch, React with strong focus on best practices and scalable solutions. contributed to 6 open-source projects in the ML pipeline ecosystem
Currently working on cloud-native initiatives and innovation projects. 
 Holds certifications in Microsoft Azure Expert and Certified Scrum Master. Passionate about technical excellence and constantly exploring new technologies in artificial intelligence.
Advocates for clean code and maintains a strong focus on scalable architecture."
Mary,Gonzalez,mary.gonzalez969@example.com,+1-863-647-6327,Regular,Denver,IoT,"Experienced technology professional with 12 years in software development and system architecture. 
Specializes in PostgreSQL, Vue.js, Python, PyTorch with strong focus on best practices and scalable solutions. implemented 3 that reduced costs by platform redesign%
Currently working on AI/ML initiatives and innovation projects. 
 Passionate about innovative solutions and constantly exploring new technologies in cybersecurity.
Advocates for agile methodologies and maintains a strong focus on performance optimization."
Elizabeth,Moore,elizabeth.moore23@example.com,+1-251-547-5066,Regular,Austin,"Cybersecurity, Machine Learning","Experienced technology professional with 11 years in software development and system architecture. 
Specializes in PostgreSQL, AWS, Vue.js, Python, Docker with strong focus on best practices and scalable solutions. contributed to 31 open-source projects in the 24 ecosystem
Currently working on digital transformation initiatives and innovation projects. 
 Holds certifications in Certified Kubernetes Administrator. Passionate about team collaboration and constantly exploring new technologies in cybersecurity.
Advocates for clean code and maintains a strong focus on user experience."
Emma,Smith,emma.smith585@example.com,+1-434-260-7994,Regular,Remote,"Cloud Computing, Machine Learning, DevOps","Experienced technology professional with 5 years in software development and system architecture. 
Specializes in PostgreSQL, PyTorch, Angular, Node.js with strong focus on best practices and scalable solutions. implemented 50 that reduced costs by 25%
Currently working on cloud-native initiatives and innovation projects. 
 Holds certifications in Google Cloud Professional and PMP Certification. Passionate about innovative solutions and constantly exploring new technologies in emerging technologies.
Advocates for clean code and maintains a strong focus on security best practices."
Elizabeth,Williams,elizabeth.williams757@example.com,+1-500-703-1702,Regular,Miami,UI/UX Design,"Experienced technology professional with 12 years in software development and system architecture. 
Specializes in Flask, Kubernetes, Python, Vue.js, PostgreSQL with strong focus on best practices and scalable solutions. implemented 30 that reduced costs by 16%
Currently working on digital transformation initiatives and enterprise projects. 
 Passionate about continuous learning and constantly exploring new technologies in emerging technologies.
Advocates for clean code and maintains a strong focus on user experience."
Thomas,Brown,thomas.brown425@example.com,+1-448-210-4561,Regular,New York,"Data Science, Web Development, DevOps","Experienced technology professional with 6 years in software development and system architecture. 
Specializes in Flask, PostgreSQL, Django with strong focus on best practices and scalable solutions. contributed to 4 open-source projects in the cloud migration ecosystem
Currently working on cloud-native initiatives and open-source projects. 
 Holds certifications in PMP Certification. Passionate about technical excellence and constantly exploring new technologies in cloud computing.
Advocates for test-driven development and maintains a strong focus on performance optimization."
Linda,Martinez,linda.martinez727@example.com,+1-826-188-3490,Regular,Portland,"Cloud Computing, DevOps, Mobile Apps","Experienced technology professional with 10 years in software development and system architecture. 
Specializes in Azure, Angular, Vue.js, PostgreSQL with strong focus on best practices and scalable solutions. managed a budget of $32 million for 39 initiative
Currently working on microservices initiatives and open-source projects. 
 Holds certifications in PMP Certification and Google Cloud Professional. Passionate about innovative solutions and constantly exploring new technologies in cloud computing.
Advocates for agile methodologies and maintains a strong focus on scalable architecture."
Charles,Martinez,charles.martinez857@example.com,+1-500-604-2086,Regular,Austin,"Web Development, Data Science, Mobile Apps","Experienced technology professional with 5 years in software development and system architecture. 
Specializes in PostgreSQL, MongoDB, Kubernetes, React, TensorFlow, Docker with strong focus on best practices and scalable solutions. developed 46 new features that increased user engagement by 37%
Currently working on digital transformation initiatives and enterprise projects. 
 Holds certifications in PMP Certification and Microsoft Azure Expert. Passionate about innovative solutions and constantly exploring new technologies in cloud computing.
Advocates for clean code and maintains a strong focus on security best practices."
Elizabeth,Garcia,elizabeth.garcia626@example.com,+1-206-638-6439,Regular,Portland,"Cybersecurity, Machine Learning","Experienced technology professional with 13 years in software development and system architecture. 
Specializes in Flask, MongoDB, AWS with strong focus on best practices and scalable solutions. led a team of 7 developers to deliver ML pipeline project ahead of schedule
Currently working on microservices initiatives and modernization projects. 
 Holds certifications in CompTIA Security+. Passionate about team collaboration and constantly exploring new technologies in cloud computing.
Advocates for agile methodologies and maintains a strong focus on performance optimization."
Jessica,Wilson,jessica.wilson805@example.com,+1-702-432-6427,Regular,San Francisco,"Web Development, Blockchain, Cybersecurity","Experienced technology professional with 15 years in software development and system architecture. 
Specializes in Kubernetes, Django, PyTorch, MongoDB with strong focus on best practices and scalable solutions. developed 4 new features that increased user engagement by cloud migration%
Currently working on AI/ML initiatives and innovation projects. 
 Holds certifications in CompTIA Security+ and Microsoft Azure Expert. Passionate about continuous learning and constantly exploring new technologies in artificial intelligence.
Advocates for DevOps culture and maintains a strong focus on performance optimization."
Linda,Smith,linda.smith570@example.com,+1-803-460-4743,Regular,Los Angeles,"Mobile Apps, Machine Learning, Blockchain","Experienced technology professional with 11 years in software development and system architecture. 
Specializes in TensorFlow, Angular, Vue.js, AWS with strong focus on best practices and scalable solutions. contributed to 38 open-source projects in the 38 ecosystem
Currently working on digital transformation initiatives and innovation projects. 
 Holds certifications in Certified Scrum Master and CompTIA Security+. Passionate about team collaboration and constantly exploring new technologies in emerging technologies.
Advocates for test-driven development and maintains a strong focus on security best practices."
Thomas,Garcia,thomas.garcia956@example.com,+1-503-490-9537,Regular,Miami,"UI/UX Design, Machine Learning, Cybersecurity","Experienced technology professional with 6 years in software development and system architecture. 
Specializes in Django, React, Node.js, JavaScript, Azure with strong focus on best practices and scalable solutions. developed 6 new features that increased user engagement by platform redesign%
Currently working on microservices initiatives and innovation projects. 
 Holds certifications in Google Cloud Professional and Certified Scrum Master. Passionate about innovative solutions and constantly exploring new technologies in emerging technologies.
Advocates for test-driven development and maintains a strong focus on performance optimization."
Olivia,Hernandez,olivia.hernandez381@example.com,+1-226-493-7298,Regular,Chicago,"DevOps, Cloud Computing","Experienced technology professional with 10 years in software development and system architecture. 
Specializes in Kubernetes, Python, Docker, AWS with strong focus on best practices and scalable solutions. developed 6 new features that increased user engagement by platform redesign%
Currently working on digital transformation initiatives and innovation projects. 
 Passionate about continuous learning and constantly exploring new technologies in cybersecurity.
Advocates for test-driven development and maintains a strong focus on user experience."
Jessica,Davis,jessica.davis64@example.com,+1-619-700-4354,Regular,Los Angeles,UI/UX Design,"Experienced technology professional with 14 years in software development and system architecture. 
Specializes in Kubernetes, Azure, MongoDB, Vue.js, Docker with strong focus on best practices and scalable solutions. developed 49 new features that increased user engagement by 27%
Currently working on AI/ML initiatives and open-source projects. 
 Passionate about innovative solutions and constantly exploring new technologies in artificial intelligence.
Advocates for agile methodologies and maintains a strong focus on scalable architecture."
Robert,Taylor,robert.taylor551@example.com,+1-833-966-2336,Regular,Chicago,"IoT, UI/UX Design","Experienced technology professional with 12 years in software development and system architecture. 
Specializes in Flask, React, Vue.js with strong focus on best practices and scalable solutions. developed 38 new features that increased user engagement by 18%
Currently working on AI/ML initiatives and enterprise projects. 
 Holds certifications in Certified Scrum Master and PMP Certification. Passionate about innovative solutions and constantly exploring new technologies in cybersecurity.
Advocates for agile methodologies and maintains a strong focus on user experience."
David,Taylor,david.taylor481@example.com,+1-862-844-1223,Regular,Chicago,Machine Learning,"Experienced technology professional with 7 years in software development and system architecture. 
Specializes in Flask, Azure, PostgreSQL with strong focus on best practices and scalable solutions. mentored 20 junior developers in 35
Currently working on cloud-native initiatives and modernization projects. 
 Holds certifications in Cisco CCNA. Passionate about technical excellence and constantly exploring new technologies in cybersecurity.
Advocates for agile methodologies and maintains a strong focus on security best practices."
Thomas,Williams,thomas.williams960@example.com,+1-556-374-7045,Regular,Portland,"Cybersecurity, Mobile Apps, Machine Learning","Experienced technology professional with 14 years in software development and system architecture. 
Specializes in PyTorch, PostgreSQL, JavaScript with strong focus on best practices and scalable solutions. managed a budget of $3 million for mobile app initiative
Currently working on cloud-native initiatives and open-source projects. 
 Holds certifications in Certified Scrum Master and CompTIA Security+. Passionate about innovative solutions and constantly exploring new technologies in emerging technologies.
Advocates for clean code and maintains a strong focus on user experience."
Thomas,Davis,thomas.davis329@example.com,+1-333-107-7710,Regular,San Francisco,"Mobile Apps, Cloud Computing","Experienced technology professional with 4 years in software development and system architecture. 
Specializes in Azure, Flask, Docker with strong focus on best practices and scalable solutions. led a team of 4 developers to deliver cloud migration project ahead of schedule
Currently working on AI/ML initiatives and open-source projects. 
 Holds certifications in PMP Certification. Passionate about team collaboration and constantly exploring new technologies in cloud computing.
Advocates for DevOps culture and maintains a strong focus on performance optimization."
David,Thomas,david.thomas785@example.com,+1-529-599-7851,Admin,Boston,Data Science,"Experienced technology professional with 8 years in software development and system architecture. 
Specializes in React, Django, Node.js, AWS, Docker with strong focus on best practices and scalable solutions. improved system performance by 36% through optimization
Currently working on cloud-native initiatives and open-source projects. 
 Passionate about technical excellence and constantly exploring new technologies in cloud computing.
Advocates for agile methodologies and maintains a strong focus on security best practices."
Thomas,Moore,thomas.moore260@example.com,+1-716-811-3379,Admin,Remote,"Data Science, Mobile Apps","Experienced technology professional with 14 years in software development and system architecture. 
Specializes in Angular, AWS, TensorFlow with strong focus on best practices and scalable solutions. improved system performance by 4% through optimization
Currently working on digital transformation initiatives and open-source projects. 
 Passionate about team collaboration and constantly exploring new technologies in cloud computing.
Advocates for DevOps culture and maintains a strong focus on performance optimization."
Emma,Martin,emma.martin268@example.com,+1-459-990-9636,Regular,Boston,"Mobile Apps, Blockchain","Experienced technology professional with 7 years in software development and system architecture. 
Specializes in React, Django, JavaScript with strong focus on best practices and scalable solutions. mentored 39 junior developers in 17
Currently working on digital transformation initiatives and innovation projects. 
 Holds certifications in PMP Certification and Certified Scrum Master. Passionate about continuous learning and constantly exploring new technologies in emerging technologies.
Advocates for agile methodologies and maintains a strong focus on user experience."
Noah,Johnson,noah.johnson333@example.com,+1-890-775-3963,Regular,Miami,Machine Learning,"Experienced technology professional with 5 years in software development and system architecture. 
Specializes in Vue.js, AWS, PostgreSQL, Node.js with strong focus on best practices and scalable solutions. implemented 33 that reduced costs by 34%
Currently working on microservices initiatives and open-source projects. 
 Holds certifications in Certified Kubernetes Administrator. Passionate about innovative solutions and constantly exploring new technologies in cloud computing.
Advocates for agile methodologies and maintains a strong focus on scalable architecture."
Linda,Johnson,linda.johnson825@example.com,+1-567-310-3565,Regular,Remote,"Cybersecurity, Mobile Apps","Experienced technology professional with 7 years in software development and system architecture. 
Specializes in Vue.js, MongoDB, Flask, Azure, Docker, AWS with strong focus on best practices and scalable solutions. managed a budget of $4 million for mobile app initiative
Currently working on microservices initiatives and open-source projects. 
 Passionate about technical excellence and constantly exploring new technologies in artificial intelligence.
Advocates for DevOps culture and maintains a strong focus on security best practices."
Elizabeth,Martinez,elizabeth.martinez175@example.com,+1-308-237-7984,Regular,Boston,"Cybersecurity, Blockchain","Experienced technology professional with 11 years in software development and system architecture. 
Specializes in AWS, Angular, Flask, React, Vue.js, Kubernetes with strong focus on best practices and scalable solutions. mentored 43 junior developers in 22
Currently working on digital transformation initiatives and enterprise projects. 
 Passionate about continuous learning and constantly exploring new technologies in emerging technologies.
Advocates for agile methodologies and maintains a strong focus on scalable architecture."
Joseph,Jones,joseph.jones135@example.com,+1-273-136-6576,Regular,Boston,"Web Development, Mobile Apps, Blockchain","Experienced technology professional with 3 years in software development and system architecture. 
Specializes in Docker, Vue.js, Python with strong focus on best practices and scalable solutions. managed a budget of $6 million for cloud migration initiative
Currently working on digital transformation initiatives and enterprise projects. 
 Holds certifications in AWS Certified Solutions Architect and Cisco CCNA. Passionate about innovative solutions and constantly exploring new technologies in cloud computing.
Advocates for test-driven development and maintains a strong focus on user experience."
Mason,Martin,mason.martin504@example.com,+1-296-674-4038,Regular,Boston,Cloud Computing,"Experienced technology professional with 8 years in software development and system architecture. 
Specializes in MongoDB, JavaScript, Docker, Kubernetes, React with strong focus on best practices and scalable solutions. mentored 4 junior developers in mobile app
Currently working on digital transformation initiatives and enterprise projects. 
 Holds certifications in Certified Kubernetes Administrator and Cisco CCNA. Passionate about technical excellence and constantly exploring new technologies in cybersecurity.
Advocates for test-driven development and maintains a strong focus on scalable architecture."
Noah,Wilson,noah.wilson198@example.com,+1-627-893-5650,Regular,Chicago,"Data Science, Mobile Apps","Experienced technology professional with 10 years in software development and system architecture. 
Specializes in Node.js, PostgreSQL, Django with strong focus on best practices and scalable solutions. mentored 27 junior developers in 34
Currently working on digital transformation initiatives and innovation projects. 
 Holds certifications in PMP Certification and Microsoft Azure Expert. Passionate about innovative solutions and constantly exploring new technologies in cloud computing.
Advocates for clean code and maintains a strong focus on performance optimization."
John,Anderson,john.anderson969@example.com,+1-801-280-8703,Regular,Denver,"UI/UX Design, Machine Learning","Experienced technology professional with 6 years in software development and system architecture. 
Specializes in TensorFlow, Azure, Python with strong focus on best practices and scalable solutions. implemented 44 that reduced costs by 21%
Currently working on AI/ML initiatives and innovation projects. 
 Holds certifications in Microsoft Azure Expert and Google Cloud Professional. Passionate about innovative solutions and constantly exploring new technologies in emerging technologies.
Advocates for DevOps culture and maintains a strong focus on user experience."
Elizabeth,Davis,elizabeth.davis453@example.com,+1-366-934-6762,Regular,Seattle,"Mobile Apps, UI/UX Design, Cloud Computing","Experienced technology professional with 9 years in software development and system architecture. 
Specializes in Flask, Kubernetes, TensorFlow, PostgreSQL with strong focus on best practices and scalable solutions. implemented 6 that reduced costs by platform redesign%
Currently working on microservices initiatives and modernization projects. 
 Holds certifications in Certified Kubernetes Administrator and Google Cloud Professional. Passionate about technical excellence and constantly exploring new technologies in cybersecurity.
Advocates for clean code and maintains a strong focus on scalable architecture."
Elizabeth,Jones,elizabeth.jones238@example.com,+1-706-401-5217,Regular,Remote,Cybersecurity,"Experienced technology professional with 6 years in software development and system architecture. 
Specializes in PyTorch, Node.js, Angular with strong focus on best practices and scalable solutions. led a team of 5 developers to deliver platform redesign project ahead of schedule
Currently working on microservices initiatives and innovation projects. 
 Holds certifications in Cisco CCNA. Passionate about technical excellence and constantly exploring new technologies in cloud computing.
Advocates for test-driven development and maintains a strong focus on user experience."
Mary,Thomas,mary.thomas83@example.com,+1-422-503-9776,Admin,San Francisco,"IoT, DevOps","Experienced technology professional with 9 years in software development and system architecture. 
Specializes in Docker, Python, Flask, React, PyTorch with strong focus on best practices and scalable solutions. mentored 25 junior developers in 26
Currently working on digital transformation initiatives and innovation projects. 
 Holds certifications in Microsoft Azure Expert. Passionate about team collaboration and constantly exploring new technologies in artificial intelligence.
Advocates for clean code and maintains a strong focus on security best practices."
Joseph,Wilson,joseph.wilson557@example.com,+1-245-166-3231,Admin,Seattle,Mobile Apps,"Experienced technology professional with 9 years in software development and system architecture. 
Specializes in Azure, Docker, TensorFlow, MongoDB, React, Python with strong focus on best practices and scalable solutions. mentored 7 junior developers in mobile app
Currently working on cloud-native initiatives and innovation projects. 
 Passionate about innovative solutions and constantly exploring new technologies in artificial intelligence.
Advocates for agile methodologies and maintains a strong focus on scalable architecture."
